nhan,d,q_tv,q_tb,q_p90,q_sd,ti_le_0,n_tia,n_mau,n_vong
,205.0,255.0,246.3926399026764,255.0,29.214638249104706,0.0,36.0,6576,191
,238.0,150.0,152.49041049798114,255.0,61.75242653508679,0.001009421265141319,34.0,5944,185
,328.0,102.0,106.99835728952772,108.0,29.04422583219391,0.0002053388090349076,28.0,4870,186
,493.0,53.0,57.91651319828115,64.0,26.079407397458628,0.0012277470841006752,19.0,3258,185
,570.0,24.0,25.789669421487602,36.0,8.737027630318826,0.001652892561983471,13.0,2420,185
,574.0,22.0,26.423423423423422,38.0,11.144380186844574,0.0035252643948296123,15.0,2553,184
,409.0,73.0,73.02560883755963,79.0,14.258020801708808,0.0017574692442882249,22.0,3983,187
,362.0,87.0,89.61875,93.0,27.37060564807594,0.000462962962962963,25.0,4320,186
,320.0,106.0,107.44976171564734,113.0,28.523445607039264,0.00019857029388403494,28.0,5036,187
,284.0,127.0,126.82374165614289,134.0,25.132470380210037,0.0007216308858019123,32.0,5543,179
,553.0,32.0,31.36514669494521,42.0,15.158588850383776,0.0014139271827500884,17.0,2829,182
