metric,value,unit
source_file,C:\Users\HP\Downloads\lidar_radar\tam_dung_50cm.jsonl,
range_limit,700.0,mm
duty,40,%
background,empty_no_return,
target_identity_range,480..540,mm
target_identity_angle,-5..+5,deg
full_record_duration,628.1613446032079,s
onset_time,14897.389114553142,s_monotonic
analysis_window,last_180_seconds,
stable_duration,180.0,s
scan_count_stable,1421,scan
target_detected_count,1421,scan
target_detection_rate,1.0,ratio
frequency_median,7.890461457839303,Hz
frequency_p05,7.872208859232322,Hz
frequency_p95,7.906082069880343,Hz
centroid_mean_x,11.806733831145415,mm
centroid_mean_y,513.2749219982477,mm
range_mean,513.4142692304383,mm
angle_mean,1.3177160287373504,deg
width_median,230.98156367832303,mm
n_bins_median,11,bin
sigma_radial_sample,0.1469137273804164,mm
sigma_radial_robust,0.15528868041958638,mm
sigma_tangential_sample,1.915751081475336,mm
sigma_tangential_robust,1.8863072458722256,mm
radial_p05,-0.25002663535688846,mm
radial_p95,0.21529757050644216,mm
tangential_p05,-2.484403771271711,mm
tangential_p95,3.569567698812502,mm
