t,epoch_s,dt,co_do,u,v,conf,theta_m,phi_m,theta_hat,dtheta_hat,phi_hat,dphi_hat,theta_du_doan,phi_du_doan,ld_huong,ld_cu_ly,ld_toc_do,trang_thai,theta_s,phi_s,theta_cmd,phi_cmd,e_theta,e_phi,u_theta,u_phi,nis,t_inf,e_px,ld_id,iff_ket,iff_ly_do,iff_ms,the_che_do,luot,nhan,dang_do
0.0201,1790267642.871682,0.0201,0,,,0.000,,,0.0000,0.0000,0.0000,0.0000,0.0000,-13.0000,,,,CHO,0.0000,0.0000,0.0000,-0.1613,0.0000,-13.0000,0.000,-8.031,,0.0,,,,,,,0,,0
0.0447,1790267642.898347,0.0247,0,,,0.000,,,0.0000,0.0000,0.0000,0.0000,0.0000,-13.0000,,,,CHO,0.0000,0.0000,0.0000,-0.6026,0.0000,-13.0000,0.000,-17.896,,0.0,,,,,,,0,,0
0.0652,1790267642.917061,0.0204,0,,,0.000,,,0.0000,0.0000,0.0000,0.0000,0.0000,-13.0000,,,,CHO,0.0000,0.0000,0.0000,-1.1350,0.0000,-13.0000,0.000,-26.066,,0.0,,,,,,,0,,0
0.0854,1790267642.937015,0.0202,0,,,0.000,,,0.0000,0.0000,0.0000,0.0000,0.0000,-13.0000,,,,CHO,0.0000,0.0000,0.0000,-1.8265,0.0000,-13.0000,0.000,-34.163,,0.0,,,,,,,0,,0
0.1068,1790267642.958813,0.0214,0,,,0.000,,,0.0000,0.0000,0.0000,0.0000,0.0000,-13.0000,,,,CHO,0.0000,0.0000,0.0000,-2.7388,0.0000,-13.0000,0.000,-42.707,,0.0,,,,,,,0,,0
0.1269,1790267642.978669,0.0201,0,,,0.000,,,0.0000,0.0000,0.0000,0.0000,0.0000,-13.0000,,,,CHO,0.0000,0.0000,0.0000,-3.7600,0.0000,-13.0000,0.000,-50.755,,0.0,,,,,,,0,,0
0.1469,1790267642.998784,0.0201,0,,,0.000,,,0.0000,0.0000,0.0000,0.0000,0.0000,-13.0000,,,,CHO,0.0000,-0.0497,0.0000,-4.9390,0.0000,-12.9503,0.000,-58.779,,0.0,,,,,,,0,,0
0.1681,1790267643.019243,0.0211,0,,,0.000,,,0.0000,0.0000,0.0000,0.0000,0.0000,-13.0000,,,,CHO,0.0000,-0.2265,0.0000,-6.2820,0.0000,-12.7735,0.000,-63.500,,0.0,,,,,,,0,,0
0.1888,1790267643.039976,0.0207,0,,,0.000,,,0.0000,0.0000,0.0000,0.0000,0.0000,-13.0000,,,,CHO,0.0000,-0.5125,0.0000,-7.5567,0.0000,-12.4875,0.000,-61.666,,0.0,,,,,,,0,,0
0.2093,1790267643.061114,0.0206,0,,,0.000,,,0.0000,0.0000,0.0000,0.0000,0.0000,-13.0000,,,,CHO,0.0000,-0.9246,0.0000,-8.7716,0.0000,-12.0754,0.000,-59.079,,0.0,,,,,,,0,,0
0.2346,1790267643.083432,0.0253,0,,,0.000,,,0.0000,0.0000,0.0000,0.0000,0.0000,-13.0000,,,,CHO,0.0000,-1.5778,0.0000,-10.1668,0.0000,-11.4222,0.000,-55.105,,0.0,,,,,,,0,,0
0.2549,1790267643.106557,0.0202,0,,,0.000,,,0.0000,0.0000,0.0000,0.0000,0.0000,-13.0000,,,,CHO,0.0000,-2.2550,0.0000,-11.1999,0.0000,-10.7450,0.000,-51.017,,0.0,,,,,,,0,,0
0.2750,1790267643.126811,0.0201,0,,,0.000,,,0.0000,0.0000,0.0000,0.0000,0.0000,-13.0000,,,,CHO,0.0000,-3.0837,0.0000,-12.1257,0.0000,-9.9163,0.000,-46.069,,0.0,,,,,,,0,,0
0.2984,1790267643.158604,0.0234,0,,,0.000,,,0.0000,0.0000,0.0000,0.0000,0.0000,-13.0000,,,,CHO,0.0000,-4.1777,0.0000,-13.0543,0.0000,-8.8223,0.000,-39.689,,0.0,,,,,,,0,,0
0.3184,1790267643.170202,0.0200,0,,,0.000,,,0.0000,0.0000,0.0000,0.0000,0.0000,-13.0000,,,,CHO,0.0000,-5.2175,0.0000,-13.7286,0.0000,-7.7825,0.000,-33.711,,0.0,,,,,,,0,,0
0.3452,1790267643.190587,0.0268,0,,,0.000,,,0.0000,0.0000,0.0000,0.0000,0.0000,-13.0000,,,,CHO,0.0000,-6.5430,0.0000,-14.4364,0.0000,-6.4570,0.000,-26.446,,0.0,,,,,,,0,,0
0.3654,1790267643.217193,0.0202,0,,,0.000,,,0.0000,0.0000,0.0000,0.0000,0.0000,-13.0000,,,,CHO,0.0000,-7.6672,0.0000,-14.8461,0.0000,-5.3328,0.000,-20.244,,0.0,,,,,,,0,,0
0.3859,1790267643.237686,0.0205,0,,,0.000,,,0.0000,0.0000,0.0000,0.0000,0.0000,-13.0000,,,,CHO,0.0000,-8.7724,0.0000,-15.1396,0.0000,-4.2276,0.000,-14.325,,0.0,,,,,,,0,,0
0.4062,1790267643.258397,0.0203,0,,,0.000,,,0.0000,0.0000,0.0000,0.0000,0.0000,-13.0000,,,,CHO,0.0000,-9.8150,0.0000,-15.3204,0.0000,-3.1850,0.000,-8.904,,0.0,,,,,,,0,,0
0.4277,1790267643.278767,0.0215,0,,,0.000,,,0.0000,0.0000,0.0000,0.0000,0.0000,-13.0000,,,,CHO,0.0000,-10.8630,0.0000,-15.3978,0.0000,-2.1370,0.000,-3.595,,0.0,,,,,,,0,,0
0.4614,1790267643.310875,0.0336,0,,,0.000,,,0.0000,0.0000,0.0000,0.0000,0.0000,-13.0000,,,,CHO,0.0000,-12.3918,0.0000,-15.1624,0.0000,0.0000,0.000,6.998,,0.0,,,,,,,0,,0
0.4862,1790267643.348781,0.0248,0,,,0.000,,,0.0000,0.0000,0.0000,0.0000,0.0000,-13.0000,,,,CHO,0.0000,-13.2646,0.0000,-15.0002,0.0000,0.0000,0.000,6.529,,0.0,,,,,,,0,,0
0.5065,1790267643.358821,0.0203,0,,,0.000,,,0.0000,0.0000,0.0000,0.0000,0.0000,-13.0000,,,,CHO,0.0000,-13.8478,0.0000,-14.8781,0.0000,0.0000,0.000,6.010,,0.0,,,,,,,0,,0
0.5278,1790267643.379842,0.0213,0,,,0.000,,,0.0000,0.0000,0.0000,0.0000,0.0000,-13.0000,,,,CHO,0.0000,-14.3203,0.0000,-14.6237,0.0000,1.3203,0.000,11.965,,0.0,,,,,,,0,,0
0.5478,1790267643.399677,0.0201,0,,,0.000,,,0.0000,0.0000,0.0000,0.0000,0.0000,-13.0000,,,,CHO,0.0000,-14.6289,0.0000,-14.3668,0.0000,1.6289,0.000,12.800,,0.0,,,,,,,0,,0
0.5679,1790267643.419703,0.0200,0,,,0.000,,,0.0000,0.0000,0.0000,0.0000,0.0000,-13.0000,,,,CHO,0.0000,-14.8418,0.0000,-14.1034,0.0000,1.8418,0.000,13.158,,0.0,,,,,,,0,,0
0.5879,1790267643.439713,0.0200,0,,,0.000,,,0.0000,0.0000,0.0000,0.0000,0.0000,-13.0000,,,,CHO,0.0000,-14.9405,0.0000,-13.8450,0.0000,1.9405,0.000,12.910,,0.0,,,,,,,0,,0
0.6079,1790267643.459736,0.0200,0,,,0.000,,,0.0000,0.0000,0.0000,0.0000,0.0000,-13.0000,,,,CHO,0.0000,-14.9589,0.0000,-13.5988,0.0000,1.9589,0.000,12.293,,0.0,,,,,,,0,,0
0.6280,1790267643.479792,0.0201,0,,,0.000,,,0.0000,0.0000,0.0000,0.0000,0.0000,-13.0000,,,,CHO,0.0000,-14.9340,0.0000,-13.3673,0.0000,1.9340,0.000,11.548,,0.0,,,,,,,0,,0
0.6518,1790267643.507571,0.0238,0,,,0.000,,,0.0000,0.0000,0.0000,0.0000,0.0000,-13.0000,,,,CHO,0.0000,-14.8266,0.0000,-13.1210,0.0000,1.8266,0.000,10.338,,0.0,,,,,,,0,,0
0.6772,1790267643.528366,0.0255,0,,,0.000,,,0.0000,0.0000,0.0000,0.0000,0.0000,-13.0000,,,,CHO,0.0000,-14.6604,0.0000,-12.8942,0.0000,1.6604,0.000,8.903,,0.0,,,,,,,0,,0
0.6983,1790267643.548777,0.0211,0,,,0.000,,,0.0000,0.0000,0.0000,0.0000,0.0000,-13.0000,,,,CHO,0.0000,-14.4827,0.0000,-12.7347,0.0000,1.4827,0.000,7.567,,0.0,,,,,,,0,,0
0.7185,1790267643.570119,0.0201,0,,,0.000,,,0.0000,0.0000,0.0000,0.0000,0.0000,-13.0000,,,,CHO,0.0000,-14.2855,0.0000,-12.6097,0.0000,1.2855,0.000,6.205,,0.0,,,,,,,0,,0
0.7443,1790267643.595037,0.0258,0,,,0.000,,,0.0000,0.0000,0.0000,0.0000,0.0000,-13.0000,,,,CHO,0.0000,-14.0352,0.0000,-12.4907,0.0000,1.0352,0.000,4.609,,0.0,,,,,,,0,,0
0.7659,1790267643.616297,0.0216,0,,,0.000,,,0.0000,0.0000,0.0000,0.0000,0.0000,-13.0000,,,,CHO,0.0000,-13.8184,0.0000,-12.5080,0.0000,0.0000,0.000,-0.796,,0.0,,,,,,,0,,0
0.7893,1790267643.640491,0.0234,0,,,0.000,,,0.0000,0.0000,0.0000,0.0000,0.0000,-13.0000,,,,CHO,0.0000,-13.5799,0.0000,-12.5310,0.0000,0.0000,0.000,-0.987,,0.0,,,,,,,0,,0
0.8104,1790267643.661810,0.0211,0,,,0.000,,,0.0000,0.0000,0.0000,0.0000,0.0000,-13.0000,,,,CHO,0.0000,-13.3613,0.0000,-12.5547,0.0000,0.0000,0.000,-1.124,,0.0,,,,,,,0,,0
0.8541,1790267643.708509,0.0438,0,,,0.000,,,0.0000,0.0000,0.0000,0.0000,0.0000,-13.0000,,,,CHO,0.0000,-12.9907,0.0000,-12.6064,0.0000,0.0000,0.000,-1.182,,0.0,,,,,,,0,,0
0.8759,1790267643.725829,0.0218,0,,,0.000,,,0.0000,0.0000,0.0000,0.0000,0.0000,-13.0000,,,,CHO,0.0000,-12.8277,0.0000,-12.6318,0.0000,0.0000,0.000,-1.167,,0.0,,,,,,,0,,0
0.8964,1790267643.747697,0.0204,0,,,0.000,,,0.0000,0.0000,0.0000,0.0000,0.0000,-13.0000,,,,CHO,0.0000,-12.7224,0.0000,-12.6538,0.0000,0.0000,0.000,-1.075,,0.0,,,,,,,0,,0
0.9262,1790267643.777061,0.0299,0,,,0.000,,,0.0000,0.0000,0.0000,0.0000,0.0000,-13.0000,,,,CHO,0.0000,-12.6300,0.0000,-12.6803,0.0000,0.0000,0.000,-0.886,,0.0,,,,,,,0,,0
0.9476,1790267643.798708,0.0214,0,,,0.000,,,0.0000,0.0000,0.0000,0.0000,0.0000,-13.0000,,,,CHO,0.0000,-12.5852,0.0000,-12.6962,0.0000,0.0000,0.000,-0.747,,0.0,,,,,,,0,,0
0.9686,1790267643.818749,0.0210,0,,,0.000,,,0.0000,0.0000,0.0000,0.0000,0.0000,-13.0000,,,,CHO,0.0000,-12.5551,0.0000,-12.7092,0.0000,0.0000,0.000,-0.620,,0.0,,,,,,,0,,0
0.9929,1790267643.844303,0.0243,0,,,0.000,,,0.0000,0.0000,0.0000,0.0000,0.0000,-13.0000,,,,CHO,0.0000,-12.5731,0.0000,-12.7195,0.0000,0.0000,0.000,-0.425,,0.0,,,,,,,0,,0
1.0136,1790267643.864493,0.0208,0,,,0.000,,,0.0000,0.0000,0.0000,0.0000,0.0000,-13.0000,,,,CHO,0.0000,-12.5836,0.0000,-12.7259,0.0000,0.0000,0.000,-0.306,,0.0,,,,,,,0,,0
1.0383,1790267643.888692,0.0247,0,,,0.000,,,0.0000,0.0000,0.0000,0.0000,0.0000,-13.0000,,,,CHO,0.0000,-12.5917,0.0000,-12.7311,0.0000,0.0000,0.000,-0.210,,0.0,,,,,,,0,,0
1.0608,1790267643.912005,0.0225,0,,,0.000,,,0.0000,0.0000,0.0000,0.0000,0.0000,-13.0000,,,,CHO,0.0000,-12.5966,0.0000,-12.7344,0.0000,0.0000,0.000,-0.149,,0.0,,,,,,,0,,0
1.0972,1790267643.948648,0.0364,0,,,0.000,,,0.0000,0.0000,0.0000,0.0000,0.0000,-13.0000,,,,CHO,0.0000,-12.6470,0.0000,-12.7352,0.0000,0.0000,0.000,-0.023,,0.0,,,,,,,0,,0
1.1219,1790267643.972163,0.0246,0,,,0.000,,,0.0000,0.0000,0.0000,0.0000,0.0000,-13.0000,,,,CHO,0.0000,-12.6690,0.0000,-12.7348,0.0000,0.0000,0.000,0.020,,0.0,,,,,,,0,,0
1.1433,1790267643.993473,0.0215,0,,,0.000,,,0.0000,0.0000,0.0000,0.0000,0.0000,-13.0000,,,,CHO,0.0000,-12.6820,0.0000,-12.7340,0.0000,0.0000,0.000,0.037,,0.0,,,,,,,0,,0
1.1654,1790267644.015735,0.0221,0,,,0.000,,,0.0000,0.0000,0.0000,0.0000,0.0000,-13.0000,,,,CHO,0.0000,-12.6910,0.0000,-12.7330,0.0000,0.0000,0.000,0.043,,0.0,,,,,,,0,,0
1.1865,1790267644.037661,0.0211,0,,,0.000,,,0.0000,0.0000,0.0000,0.0000,0.0000,-13.0000,,,,CHO,0.0000,-12.6968,0.0000,-12.7321,0.0000,0.0000,0.000,0.043,,0.0,,,,,,,0,,0
1.2067,1790267644.058515,0.0202,0,,,0.000,,,0.0000,0.0000,0.0000,0.0000,0.0000,-13.0000,,,,CHO,0.0000,-12.7006,0.0000,-12.7313,0.0000,0.0000,0.000,0.039,,0.0,,,,,,,0,,0
1.2279,1790267644.078930,0.0212,0,,,0.000,,,0.0000,0.0000,0.0000,0.0000,0.0000,-13.0000,,,,CHO,0.0000,-12.7034,0.0000,-12.7306,0.0000,0.0000,0.000,0.034,,0.0,,,,,,,0,,0
1.2483,1790267644.100055,0.0204,0,,,0.000,,,0.0000,0.0000,0.0000,0.0000,0.0000,-13.0000,,,,CHO,0.0000,-12.7052,0.0000,-12.7300,0.0000,0.0000,0.000,0.030,,0.0,,,,,,,0,,0
1.2687,1790267644.120525,0.0204,0,,,0.000,,,0.0000,0.0000,0.0000,0.0000,0.0000,-13.0000,,,,CHO,0.0000,-12.7065,0.0000,-12.7295,0.0000,0.0000,0.000,0.025,,0.0,,,,,,,0,,0
1.2910,1790267644.141355,0.0223,0,,,0.000,,,0.0000,0.0000,0.0000,0.0000,0.0000,-13.0000,,,,CHO,0.0000,-12.7074,0.0000,-12.7290,0.0000,0.0000,0.000,0.020,,0.0,,,,,,,0,,0
1.3114,1790267644.163269,0.0204,0,,,0.000,,,0.0000,0.0000,0.0000,0.0000,0.0000,-13.0000,,,,CHO,0.0000,-12.7080,0.0000,-12.7287,0.0000,0.0000,0.000,0.016,,0.0,,,,,,,0,,0
1.3319,1790267644.183775,0.0205,0,,,0.000,,,0.0000,0.0000,0.0000,0.0000,0.0000,-13.0000,,,,CHO,0.0000,-12.7084,0.0000,-12.7284,0.0000,0.0000,0.000,0.013,,0.0,,,,,,,0,,0
1.3523,1790267644.203991,0.0203,0,,,0.000,,,0.0000,0.0000,0.0000,0.0000,0.0000,-13.0000,,,,CHO,0.0000,-12.7086,0.0000,-12.7282,0.0000,0.0000,0.000,0.011,,0.0,,,,,,,0,,0
1.3730,1790267644.224715,0.0207,0,,,0.000,,,0.0000,0.0000,0.0000,0.0000,0.0000,-13.0000,,,,CHO,0.0000,-12.7088,0.0000,-12.7280,0.0000,0.0000,0.000,0.008,,0.0,,,,,,,0,,0
1.3934,1790267644.245210,0.0204,0,,,0.000,,,0.0000,0.0000,0.0000,0.0000,0.0000,-13.0000,,,,CHO,0.0000,-12.7089,0.0000,-12.7279,0.0000,0.0000,0.000,0.007,,0.0,,,,,,,0,,0
1.4135,1790267644.265299,0.0201,0,,,0.000,,,0.0000,0.0000,0.0000,0.0000,0.0000,-13.0000,,,,CHO,0.0000,-12.7090,0.0000,-12.7278,0.0000,0.0000,0.000,0.005,,0.0,,,,,,,0,,0
1.4336,1790267644.285444,0.0201,0,,,0.000,,,0.0000,0.0000,0.0000,0.0000,0.0000,-13.0000,,,,CHO,0.0000,-12.7091,0.0000,-12.7277,0.0000,0.0000,0.000,0.004,,0.0,,,,,,,0,,0
1.4537,1790267644.305546,0.0201,0,,,0.000,,,0.0000,0.0000,0.0000,0.0000,0.0000,-13.0000,,,,CHO,0.0000,-12.7091,0.0000,-12.7276,0.0000,0.0000,0.000,0.003,,0.0,,,,,,,0,,0
1.4739,1790267644.325685,0.0201,0,,,0.000,,,0.0000,0.0000,0.0000,0.0000,0.0000,-13.0000,,,,CHO,0.0000,-12.7092,0.0000,-12.7276,0.0000,0.0000,0.000,0.003,,0.0,,,,,,,0,,0
1.4939,1790267644.345727,0.0200,0,,,0.000,,,0.0000,0.0000,0.0000,0.0000,0.0000,-13.0000,,,,CHO,0.0000,-12.7092,0.0000,-12.7276,0.0000,0.0000,0.000,0.002,,0.0,,,,,,,0,,0
1.5143,1790267644.366099,0.0204,0,,,0.000,,,0.0000,0.0000,0.0000,0.0000,0.0000,-13.0000,,,,CHO,0.0000,-12.7092,0.0000,-12.7275,0.0000,0.0000,0.000,0.002,,0.0,,,,,,,0,,0
1.5350,1790267644.386712,0.0207,0,,,0.000,,,0.0000,0.0000,0.0000,0.0000,0.0000,-13.0000,,,,CHO,0.0000,-12.7092,0.0000,-12.7275,0.0000,0.0000,0.000,0.001,,0.0,,,,,,,0,,0
1.5555,1790267644.407215,0.0205,0,,,0.000,,,0.0000,0.0000,0.0000,0.0000,0.0000,-13.0000,,,,CHO,0.0000,-12.7092,0.0000,-12.7275,0.0000,0.0000,0.000,0.001,,0.0,,,,,,,0,,0
1.5760,1790267644.427839,0.0205,0,,,0.000,,,0.0000,0.0000,0.0000,0.0000,0.0000,-13.0000,,,,CHO,0.0000,-12.7092,0.0000,-12.7275,0.0000,0.0000,0.000,0.001,,0.0,,,,,,,0,,0
1.5967,1790267644.448424,0.0207,0,,,0.000,,,0.0000,0.0000,0.0000,0.0000,0.0000,-13.0000,,,,CHO,0.0000,-12.7092,0.0000,-12.7275,0.0000,0.0000,0.000,0.001,,0.0,,,,,,,0,,0
1.6172,1790267644.469048,0.0205,0,,,0.000,,,0.0000,0.0000,0.0000,0.0000,0.0000,-13.0000,,,,CHO,0.0000,-12.7092,0.0000,-12.7274,0.0000,0.0000,0.000,0.000,,0.0,,,,,,,0,,0
1.6376,1790267644.489324,0.0204,0,,,0.000,,,0.0000,0.0000,0.0000,0.0000,0.0000,-13.0000,,,,CHO,0.0000,-12.7092,0.0000,-12.7274,0.0000,0.0000,0.000,0.000,,0.0,,,,,,,0,,0
1.6578,1790267644.509573,0.0202,0,,,0.000,,,0.0000,0.0000,0.0000,0.0000,0.0000,-13.0000,,,,CHO,0.0000,-12.7092,0.0000,-12.7274,0.0000,0.0000,0.000,0.000,,0.0,,,,,,,0,,0
1.6780,1790267644.529827,0.0201,0,,,0.000,,,0.0000,0.0000,0.0000,0.0000,0.0000,-13.0000,,,,CHO,0.0000,-12.7092,0.0000,-12.7274,0.0000,0.0000,0.000,0.000,,0.0,,,,,,,0,,0
1.6984,1790267644.550241,0.0204,0,,,0.000,,,0.0000,0.0000,0.0000,0.0000,0.0000,-13.0000,,,,CHO,0.0000,-12.7092,0.0000,-12.7274,0.0000,0.0000,0.000,0.000,,0.0,,,,,,,0,,0
1.7185,1790267644.570355,0.0201,0,,,0.000,,,0.0000,0.0000,0.0000,0.0000,0.0000,-13.0000,,,,CHO,0.0000,-12.7092,0.0000,-12.7274,0.0000,0.0000,0.000,0.000,,0.0,,,,,,,0,,0
1.7390,1790267644.590788,0.0204,0,,,0.000,,,0.0000,0.0000,0.0000,0.0000,0.0000,-13.0000,,,,CHO,0.0000,-12.7092,0.0000,-12.7274,0.0000,0.0000,0.000,0.000,,0.0,,,,,,,0,,0
1.7592,1790267644.611011,0.0202,0,,,0.000,,,0.0000,0.0000,0.0000,0.0000,0.0000,-13.0000,,,,CHO,0.0000,-12.7092,0.0000,-12.7274,0.0000,0.0000,0.000,0.000,,0.0,,,,,,,0,,0
1.7796,1790267644.631401,0.0204,0,,,0.000,,,0.0000,0.0000,0.0000,0.0000,0.0000,-13.0000,,,,CHO,0.0000,-12.7092,0.0000,-12.7274,0.0000,0.0000,0.000,0.000,,0.0,,,,,,,0,,0
1.8001,1790267644.651890,0.0205,0,,,0.000,,,0.0000,0.0000,0.0000,0.0000,0.0000,-13.0000,,,,CHO,0.0000,-12.7092,0.0000,-12.7274,0.0000,0.0000,0.000,0.000,,0.0,,,,,,,0,,0
1.8205,1790267644.672344,0.0204,0,,,0.000,,,0.0000,0.0000,0.0000,0.0000,0.0000,-13.0000,,,,CHO,0.0000,-12.7092,0.0000,-12.7274,0.0000,0.0000,0.000,0.000,,0.0,,,,,,,0,,0
1.8406,1790267644.692388,0.0201,0,,,0.000,,,0.0000,0.0000,0.0000,0.0000,0.0000,-13.0000,,,,CHO,0.0000,-12.7092,0.0000,-12.7274,0.0000,0.0000,0.000,0.000,,0.0,,,,,,,0,,0
1.8610,1790267644.712794,0.0204,0,,,0.000,,,0.0000,0.0000,0.0000,0.0000,0.0000,-13.0000,,,,CHO,0.0000,-12.7092,0.0000,-12.7274,0.0000,0.0000,0.000,0.000,,0.0,,,,,,,0,,0
1.8812,1790267644.733004,0.0202,0,,,0.000,,,0.0000,0.0000,0.0000,0.0000,0.0000,-13.0000,,,,CHO,0.0000,-12.7092,0.0000,-12.7274,0.0000,0.0000,0.000,0.000,,0.0,,,,,,,0,,0
1.9013,1790267644.753184,0.0202,0,,,0.000,,,0.0000,0.0000,0.0000,0.0000,0.0000,-13.0000,,,,CHO,0.0000,-12.7092,0.0000,-12.7274,0.0000,0.0000,0.000,0.000,,0.0,,,,,,,0,,0
1.9216,1790267644.773330,0.0202,0,,,0.000,,,0.0000,0.0000,0.0000,0.0000,0.0000,-13.0000,,,,CHO,0.0000,-12.7092,0.0000,-12.7274,0.0000,0.0000,0.000,0.000,,0.0,,,,,,,0,,0
1.9420,1790267644.793876,0.0205,0,,,0.000,,,0.0000,0.0000,0.0000,0.0000,0.0000,-13.0000,,,,CHO,0.0000,-12.7092,0.0000,-12.7274,0.0000,0.0000,0.000,0.000,,0.0,,,,,,,0,,0
1.9624,1790267644.814242,0.0204,0,,,0.000,,,0.0000,0.0000,0.0000,0.0000,0.0000,-13.0000,,,,CHO,0.0000,-12.7092,0.0000,-12.7274,0.0000,0.0000,0.000,0.000,,0.0,,,,,,,0,,0
1.9825,1790267644.834318,0.0201,0,,,0.000,,,0.0000,0.0000,0.0000,0.0000,0.0000,-13.0000,,,,CHO,0.0000,-12.7092,0.0000,-12.7274,0.0000,0.0000,0.000,0.000,,0.0,,,,,,,0,,0
2.0028,1790267644.854645,0.0203,0,,,0.000,,,0.0000,0.0000,0.0000,0.0000,0.0000,-13.0000,,,,CHO,0.0000,-12.7092,0.0000,-12.7274,0.0000,0.0000,0.000,0.000,,0.0,,,,,,,0,,0
2.0229,1790267644.874750,0.0201,0,,,0.000,,,0.0000,0.0000,0.0000,0.0000,0.0000,-13.0000,,,,CHO,0.0000,-12.7092,0.0000,-12.7274,0.0000,0.0000,0.000,0.000,,0.0,,,,,,,0,,0
2.0434,1790267644.895245,0.0205,0,,,0.000,,,0.0000,0.0000,0.0000,0.0000,0.0000,-13.0000,,,,CHO,0.0000,-12.7092,0.0000,-12.7274,0.0000,0.0000,0.000,0.000,,0.0,,,,,,,0,,0
2.0636,1790267644.915458,0.0202,0,,,0.000,,,0.0000,0.0000,0.0000,0.0000,0.0000,-13.0000,,,,CHO,0.0000,-12.7092,0.0000,-12.7274,0.0000,0.0000,0.000,0.000,,0.0,,,,,,,0,,0
2.0838,1790267644.935593,0.0201,0,,,0.000,,,0.0000,0.0000,0.0000,0.0000,0.0000,-13.0000,,,,CHO,0.0000,-12.7092,0.0000,-12.7274,0.0000,0.0000,0.000,0.000,,0.0,,,,,,,0,,0
2.1043,1790267644.956091,0.0205,0,,,0.000,,,0.0000,0.0000,0.0000,0.0000,0.0000,-13.0000,,,,CHO,0.0000,-12.7092,0.0000,-12.7274,0.0000,0.0000,0.000,0.000,,0.0,,,,,,,0,,0
2.1246,1790267644.976411,0.0203,0,,,0.000,,,0.0000,0.0000,0.0000,0.0000,0.0000,-13.0000,,,,CHO,0.0000,-12.7092,0.0000,-12.7274,0.0000,0.0000,0.000,0.000,,0.0,,,,,,,0,,0
2.1450,1790267644.996788,0.0204,0,,,0.000,,,0.0000,0.0000,0.0000,0.0000,0.0000,-13.0000,,,,CHO,0.0000,-12.7092,0.0000,-12.7274,0.0000,0.0000,0.000,0.000,,0.0,,,,,,,0,,0
2.1651,1790267645.016933,0.0201,0,,,0.000,,,0.0000,0.0000,0.0000,0.0000,0.0000,-13.0000,,,,CHO,0.0000,-12.7092,0.0000,-12.7274,0.0000,0.0000,0.000,0.000,,0.0,,,,,,,0,,0
2.2138,1790267645.065532,0.0487,0,,,0.000,,,0.0000,0.0000,0.0000,0.0000,0.0000,-13.0000,,,,CHO,0.0000,-12.7092,0.0000,-12.7274,0.0000,0.0000,0.000,0.000,,0.0,,,,,,,0,,0
2.2341,1790267645.085931,0.0204,0,,,0.000,,,0.0000,0.0000,0.0000,0.0000,0.0000,-13.0000,,,,CHO,0.0000,-12.7092,0.0000,-12.7274,0.0000,0.0000,0.000,0.000,,0.0,,,,,,,0,,0
2.2544,1790267645.106207,0.0203,0,,,0.000,,,0.0000,0.0000,0.0000,0.0000,0.0000,-13.0000,,,,CHO,0.0000,-12.7092,0.0000,-12.7274,0.0000,0.0000,0.000,0.000,,0.0,,,,,,,0,,0
2.2747,1790267645.126446,0.0203,0,,,0.000,,,0.0000,0.0000,0.0000,0.0000,0.0000,-13.0000,,,,CHO,0.0000,-12.7092,0.0000,-12.7274,0.0000,0.0000,0.000,0.000,,0.0,,,,,,,0,,0
2.2948,1790267645.146623,0.0201,0,,,0.000,,,0.0000,0.0000,0.0000,0.0000,0.0000,-13.0000,,,,CHO,0.0000,-12.7092,0.0000,-12.7274,0.0000,0.0000,0.000,0.000,,0.0,,,,,,,0,,0
2.3153,1790267645.167103,0.0205,0,,,0.000,,,0.0000,0.0000,0.0000,0.0000,0.0000,-13.0000,,,,CHO,0.0000,-12.7092,0.0000,-12.7274,0.0000,0.0000,0.000,0.000,,0.0,,,,,,,0,,0
2.3358,1790267645.187607,0.0205,0,,,0.000,,,0.0000,0.0000,0.0000,0.0000,0.0000,-13.0000,,,,CHO,0.0000,-12.7092,0.0000,-12.7274,0.0000,0.0000,0.000,0.000,,0.0,,,,,,,0,,0
2.3558,1790267645.207617,0.0200,0,,,0.000,,,0.0000,0.0000,0.0000,0.0000,0.0000,-13.0000,,,,CHO,0.0000,-12.7092,0.0000,-12.7274,0.0000,0.0000,0.000,0.000,,0.0,,,,,,,0,,0
2.3764,1790267645.228136,0.0206,0,,,0.000,,,0.0000,0.0000,0.0000,0.0000,0.0000,-13.0000,,,,CHO,0.0000,-12.7092,0.0000,-12.7274,0.0000,0.0000,0.000,0.000,,0.0,,,,,,,0,,0
2.3968,1790267645.248583,0.0204,0,,,0.000,,,0.0000,0.0000,0.0000,0.0000,0.0000,-13.0000,,,,CHO,0.0000,-12.7092,0.0000,-12.7274,0.0000,0.0000,0.000,0.000,,0.0,,,,,,,0,,0
2.4172,1790267645.269003,0.0204,0,,,0.000,,,0.0000,0.0000,0.0000,0.0000,0.0000,-13.0000,,,,CHO,0.0000,-12.7092,0.0000,-12.7274,0.0000,0.0000,0.000,0.000,,0.0,,,,,,,0,,0
2.4374,1790267645.289263,0.0203,0,,,0.000,,,0.0000,0.0000,0.0000,0.0000,0.0000,-13.0000,,,,CHO,0.0000,-12.7092,0.0000,-12.7274,0.0000,0.0000,0.000,0.000,,0.0,,,,,,,0,,0
2.4577,1790267645.309564,0.0203,0,,,0.000,,,0.0000,0.0000,0.0000,0.0000,0.0000,-13.0000,,,,CHO,0.0000,-12.7092,0.0000,-12.7274,0.0000,0.0000,0.000,0.000,,0.0,,,,,,,0,,0
2.4778,1790267645.329584,0.0200,0,,,0.000,,,0.0000,0.0000,0.0000,0.0000,0.0000,-13.0000,,,,CHO,0.0000,-12.7092,0.0000,-12.7274,0.0000,0.0000,0.000,0.000,,0.0,,,,,,,0,,0
2.4978,1790267645.349659,0.0201,0,,,0.000,,,0.0000,0.0000,0.0000,0.0000,0.0000,-13.0000,,,,CHO,0.0000,-12.7092,0.0000,-12.7274,0.0000,0.0000,0.000,0.000,,0.0,,,,,,,0,,0
2.5178,1790267645.369654,0.0200,0,,,0.000,,,0.0000,0.0000,0.0000,0.0000,0.0000,-13.0000,,,,CHO,0.0000,-12.7092,0.0000,-12.7274,0.0000,0.0000,0.000,0.000,,0.0,,,,,,,0,,0
2.5382,1790267645.389947,0.0204,0,,,0.000,,,0.0000,0.0000,0.0000,0.0000,0.0000,-13.0000,,,,CHO,0.0000,-12.7092,0.0000,-12.7274,0.0000,0.0000,0.000,0.000,,0.0,,,,,,,0,,0
2.5586,1790267645.410413,0.0204,0,,,0.000,,,0.0000,0.0000,0.0000,0.0000,0.0000,-13.0000,,,,CHO,0.0000,-12.7092,0.0000,-12.7274,0.0000,0.0000,0.000,0.000,,0.0,,,,,,,0,,0
2.5787,1790267645.430416,0.0201,0,,,0.000,,,0.0000,0.0000,0.0000,0.0000,0.0000,-13.0000,,,,CHO,0.0000,-12.7092,0.0000,-12.7274,0.0000,0.0000,0.000,0.000,,0.0,,,,,,,0,,0
2.5990,1790267645.450759,0.0202,0,,,0.000,,,0.0000,0.0000,0.0000,0.0000,0.0000,-13.0000,,,,CHO,0.0000,-12.7092,0.0000,-12.7274,0.0000,0.0000,0.000,0.000,,0.0,,,,,,,0,,0
2.6193,1790267645.471041,0.0203,0,,,0.000,,,0.0000,0.0000,0.0000,0.0000,0.0000,-13.0000,,,,CHO,0.0000,-12.7092,0.0000,-12.7274,0.0000,0.0000,0.000,0.000,,0.0,,,,,,,0,,0
2.6399,1790267645.491474,0.0206,0,,,0.000,,,0.0000,0.0000,0.0000,0.0000,0.0000,-13.0000,,,,CHO,0.0000,-12.7092,0.0000,-12.7274,0.0000,0.0000,0.000,0.000,,0.0,,,,,,,0,,0
2.6605,1790267645.512307,0.0206,0,,,0.000,,,0.0000,0.0000,0.0000,0.0000,0.0000,-13.0000,,,,CHO,0.0000,-12.7092,0.0000,-12.7274,0.0000,0.0000,0.000,0.000,,0.0,,,,,,,0,,0
2.6808,1790267645.532535,0.0203,0,,,0.000,,,0.0000,0.0000,0.0000,0.0000,0.0000,-13.0000,,,,CHO,0.0000,-12.7092,0.0000,-12.7274,0.0000,0.0000,0.000,0.000,,0.0,,,,,,,0,,0
2.7009,1790267645.552740,0.0201,0,,,0.000,,,0.0000,0.0000,0.0000,0.0000,0.0000,-13.0000,,,,CHO,0.0000,-12.7092,0.0000,-12.7274,0.0000,0.0000,0.000,0.000,,0.0,,,,,,,0,,0
2.7210,1790267645.572806,0.0201,0,,,0.000,,,0.0000,0.0000,0.0000,0.0000,0.0000,-13.0000,,,,CHO,0.0000,-12.7092,0.0000,-12.7274,0.0000,0.0000,0.000,0.000,,0.0,,,,,,,0,,0
2.7415,1790267645.593337,0.0205,0,,,0.000,,,0.0000,0.0000,0.0000,0.0000,0.0000,-13.0000,,,,CHO,0.0000,-12.7092,0.0000,-12.7274,0.0000,0.0000,0.000,0.000,,0.0,,,,,,,0,,0
2.7621,1790267645.613930,0.0206,0,,,0.000,,,0.0000,0.0000,0.0000,0.0000,0.0000,-13.0000,,,,CHO,0.0000,-12.7092,0.0000,-12.7274,0.0000,0.0000,0.000,0.000,,0.0,,,,,,,0,,0
2.7822,1790267645.634056,0.0201,0,,,0.000,,,0.0000,0.0000,0.0000,0.0000,0.0000,-13.0000,,,,CHO,0.0000,-12.7092,0.0000,-12.7274,0.0000,0.0000,0.000,0.000,,0.0,,,,,,,0,,0
2.8024,1790267645.654519,0.0201,0,,,0.000,,,0.0000,0.0000,0.0000,0.0000,0.0000,-13.0000,,,,CHO,0.0000,-12.7092,0.0000,-12.7274,0.0000,0.0000,0.000,0.000,,0.0,,,,,,,0,,0
2.8228,1790267645.674610,0.0205,0,,,0.000,,,0.0000,0.0000,0.0000,0.0000,0.0000,-13.0000,,,,CHO,0.0000,-12.7092,0.0000,-12.7274,0.0000,0.0000,0.000,0.000,,0.0,,,,,,,0,,0
2.8433,1790267645.695108,0.0205,0,,,0.000,,,0.0000,0.0000,0.0000,0.0000,0.0000,-13.0000,,,,CHO,0.0000,-12.7092,0.0000,-12.7274,0.0000,0.0000,0.000,0.000,,0.0,,,,,,,0,,0
2.8636,1790267645.715332,0.0203,0,,,0.000,,,0.0000,0.0000,0.0000,0.0000,0.0000,-13.0000,,,,CHO,0.0000,-12.7092,0.0000,-12.7274,0.0000,0.0000,0.000,0.000,,0.0,,,,,,,0,,0
2.8839,1790267645.735682,0.0203,0,,,0.000,,,0.0000,0.0000,0.0000,0.0000,0.0000,-13.0000,,,,CHO,0.0000,-12.7092,0.0000,-12.7274,0.0000,0.0000,0.000,0.000,,0.0,,,,,,,0,,0
2.9039,1790267645.755759,0.0201,0,,,0.000,,,0.0000,0.0000,0.0000,0.0000,0.0000,-13.0000,,,,CHO,0.0000,-12.7092,0.0000,-12.7274,0.0000,0.0000,0.000,0.000,,0.0,,,,,,,0,,0
2.9241,1790267645.775936,0.0202,0,,,0.000,,,0.0000,0.0000,0.0000,0.0000,0.0000,-13.0000,,,,CHO,0.0000,-12.7092,0.0000,-12.7274,0.0000,0.0000,0.000,0.000,,0.0,,,,,,,0,,0
2.9447,1790267645.796417,0.0206,0,,,0.000,,,0.0000,0.0000,0.0000,0.0000,0.0000,-13.0000,,,,CHO,0.0000,-12.7092,0.0000,-12.7274,0.0000,0.0000,0.000,0.000,,0.0,,,,,,,0,,0
2.9652,1790267645.816983,0.0205,0,,,0.000,,,0.0000,0.0000,0.0000,0.0000,0.0000,-13.0000,,,,CHO,0.0000,-12.7092,0.0000,-12.7274,0.0000,0.0000,0.000,0.000,,0.0,,,,,,,0,,0
2.9858,1790267645.837521,0.0207,0,,,0.000,,,0.0000,0.0000,0.0000,0.0000,0.0000,-13.0000,,,,CHO,0.0000,-12.7092,0.0000,-12.7274,0.0000,0.0000,0.000,0.000,,0.0,,,,,,,0,,0
3.0060,1790267645.857847,0.0202,0,,,0.000,,,0.0000,0.0000,0.0000,0.0000,0.0000,-13.0000,,,,CHO,0.0000,-12.7092,0.0000,-12.7274,0.0000,0.0000,0.000,0.000,,0.0,,,,,,,0,,0
3.0265,1790267645.878276,0.0205,0,,,0.000,,,0.0000,0.0000,0.0000,0.0000,0.0000,-13.0000,,,,CHO,0.0000,-12.7092,0.0000,-12.7274,0.0000,0.0000,0.000,0.000,,0.0,,,,,,,0,,0
3.0467,1790267645.898471,0.0202,0,,,0.000,,,0.0000,0.0000,0.0000,0.0000,0.0000,-13.0000,,,,CHO,0.0000,-12.7092,0.0000,-12.7274,0.0000,0.0000,0.000,0.000,,0.0,,,,,,,0,,0
3.0670,1790267645.918840,0.0203,0,,,0.000,,,0.0000,0.0000,0.0000,0.0000,0.0000,-13.0000,,,,CHO,0.0000,-12.7092,0.0000,-12.7274,0.0000,0.0000,0.000,0.000,,0.0,,,,,,,0,,0
3.0877,1790267645.939213,0.0206,0,,,0.000,,,0.0000,0.0000,0.0000,0.0000,0.0000,-13.0000,,,,CHO,0.0000,-12.7092,0.0000,-12.7274,0.0000,0.0000,0.000,0.000,,0.0,,,,,,,0,,0
3.1080,1790267645.959814,0.0203,0,,,0.000,,,0.0000,0.0000,0.0000,0.0000,0.0000,-13.0000,,,,CHO,0.0000,-12.7092,0.0000,-12.7274,0.0000,0.0000,0.000,0.000,,0.0,,,,,,,0,,0
3.1285,1790267645.980316,0.0205,0,,,0.000,,,0.0000,0.0000,0.0000,0.0000,0.0000,-13.0000,,,,CHO,0.0000,-12.7092,0.0000,-12.7274,0.0000,0.0000,0.000,0.000,,0.0,,,,,,,0,,0
3.1486,1790267646.000442,0.0201,0,,,0.000,,,0.0000,0.0000,0.0000,0.0000,0.0000,-13.0000,,,,CHO,0.0000,-12.7092,0.0000,-12.7274,0.0000,0.0000,0.000,0.000,,0.0,,,,,,,0,,0
3.1691,1790267646.020902,0.0205,0,,,0.000,,,0.0000,0.0000,0.0000,0.0000,0.0000,-13.0000,,,,CHO,0.0000,-12.7092,0.0000,-12.7274,0.0000,0.0000,0.000,0.000,,0.0,,,,,,,0,,0
