loai,ma_vet,t_dat,t_xong,ok,kieu,so_lan_goi,t_may_chu,loi
canh_bao,1,1790253379.8715367,1790253382.6701436,1,anh,1,1790253382,
roi_vung,1,1790253388.653689,1790253390.8562505,1,chu,1,1790253390,
canh_bao,1,1790253420.0621643,1790253422.6713428,1,anh,1,1790253422,
roi_vung,1,1790253432.840408,1790253434.0679915,1,chu,1,1790253433,
canh_bao,1,1790253457.2210908,1790253459.2587478,1,anh,1,1790253459,
roi_vung,1,1790253471.5222688,1790253472.6745737,1,chu,1,1790253472,
canh_bao,7,1790253500.975519,1790253503.0889194,1,anh,1,1790253503,
roi_vung,7,1790253514.2458732,1790253517.015821,1,chu,1,1790253515,
canh_bao,10,1790253560.4090116,1790253562.2787695,1,anh,1,1790253562,
roi_vung,10,1790253571.8350537,1790253573.0299258,1,chu,1,1790253572,
canh_bao,10,1790253597.9906487,1790253600.6246548,1,anh,1,1790253600,
roi_vung,10,1790253611.0809422,1790253612.3552132,1,chu,1,1790253612,
canh_bao,10,1790253642.3719158,1790253644.64222,1,anh,1,1790253644,
roi_vung,10,1790253655.7271593,1790253658.3323042,1,chu,1,1790253656,
canh_bao,10,1790253678.5346432,1790253684.855562,1,anh,1,1790253682,
roi_vung,10,1790253691.4161224,1790253692.5349755,1,chu,1,1790253692,
canh_bao,10,1790253717.0437112,1790253719.2726455,1,anh,1,1790253719,
roi_vung,10,1790253725.682252,1790253727.9683368,1,chu,1,1790253727,
canh_bao,10,1790253747.2854033,1790253754.7600276,1,anh,1,1790253753,
roi_vung,10,1790253758.480485,1790253763.707085,1,chu,1,1790253763,
canh_bao,10,1790253780.7247682,1790253784.393852,1,anh,1,1790253782,
roi_vung,10,1790253792.7867806,1790253794.220991,1,chu,1,1790253794,
canh_bao,10,1790253815.953788,1790253817.9330268,1,anh,1,1790253817,
roi_vung,10,1790253827.418513,1790253828.637533,1,chu,1,1790253828,
canh_bao,10,1790253849.3740656,1790253851.9185333,1,anh,1,1790253851,
roi_vung,10,1790253860.006852,1790253861.9230065,1,chu,1,1790253861,
canh_bao,10,1790253869.376238,1790253872.175425,1,anh,1,1790253872,
roi_vung,10,1790253877.6339977,1790253878.9120088,1,chu,1,1790253878,
canh_bao,10,1790253889.3741786,1790253891.6125755,1,anh,1,1790253891,
roi_vung,10,1790253903.0007305,1790253904.0066738,1,chu,1,1790253903,
canh_bao,10,1790253927.2607596,1790253932.7761998,1,anh,1,1790253929,
roi_vung,10,1790253935.2952673,1790253936.7695885,1,chu,1,1790253936,
canh_bao,10,1790253956.5795195,1790253965.8776104,1,anh,1,1790253961,
roi_vung,10,1790253966.6072252,1790253971.6829898,1,chu,1,1790253971,
canh_bao,10,1790253991.1010191,1790253993.1931467,1,anh,1,1790253993,
roi_vung,10,1790254002.1111064,1790254003.1968763,1,chu,1,1790254003,
canh_bao,10,1790254011.094133,1790254017.5638285,1,anh,1,1790254017,
roi_vung,10,1790254018.334171,1790254019.4374366,1,chu,1,1790254019,
canh_bao,28,1790254064.621182,1790254078.801438,1,anh,1,1790254076,
roi_vung,28,1790254078.801438,1790254083.409632,1,chu,1,1790254082,
canh_bao,31,1790254100.7498732,1790254102.8973384,1,anh,1,1790254102,
roi_vung,31,1790254113.5237808,1790254115.0547965,1,chu,1,1790254114,
canh_bao,31,1790254136.614754,1790254138.407055,1,anh,1,1790254138,
roi_vung,31,1790254149.6022394,1790254154.4798064,1,chu,1,1790254154,
