epoch_s,loai,luot,nhan
1790253349.411901,bat_dau,1,BAN
1790253372.479541,ket_thuc,1,BAN
1790253395.936650,bat_dau,2,BAN
1790253414.417758,ket_thuc,2,BAN
1790253436.358084,bat_dau,3,BAN
1790253452.425616,ket_thuc,3,BAN
1790253474.833370,bat_dau,4,BAN
1790253495.753542,ket_thuc,4,BAN
1790253517.405687,bat_dau,5,THU
1790253536.842751,ket_thuc,5,THU
1790253555.571949,bat_dau,6,BAN
1790253574.560881,ket_thuc,6,BAN
1790253593.330281,bat_dau,7,THU
1790253614.890331,ket_thuc,7,THU
1790253637.029149,bat_dau,8,BAN
1790253674.575465,ket_thuc,8,BAN
1790253693.246936,bat_dau,9,THU
1790253712.659098,ket_thuc,9,THU
1790253742.711819,bat_dau,10,BAN
1790253758.913972,ket_thuc,10,BAN
1790253775.665275,bat_dau,11,BAN
1790253794.762027,ket_thuc,11,BAN
1790253810.885810,bat_dau,12,THU
1790253827.690086,ket_thuc,12,THU
1790253844.054010,bat_dau,13,BAN
1790253882.454443,ket_thuc,13,BAN
1790253904.146172,bat_dau,14,THU
1790253920.028014,ket_thuc,14,THU
1790253935.422532,bat_dau,15,THU
1790253951.765439,ket_thuc,15,THU
1790253987.267417,bat_dau,16,THU
1790254001.464641,ket_thuc,16,THU
1790254020.217329,bat_dau,17,THU
1790254037.607536,ket_thuc,17,THU
1790254058.805982,bat_dau,18,THU
1790254078.470921,ket_thuc,18,THU
1790254095.667256,bat_dau,19,THU
1790254115.285561,ket_thuc,19,THU
1790254132.181688,bat_dau,20,BAN
1790254151.295973,ket_thuc,20,BAN
