file,luot,kieu,thoi_gian,ti_le_bam,so_do,tan_so_do,rmse,mae,p95,trong_40,mat_bam,nis
TN_BAI3_PRED_1790258632.csv,1,dung_yen,36.26248097419739,100.0,621,17.12513825079628,9.68386253303795,9.551916264090178,12.99,100.0,0,0.2816365826330532
TN_BAI3_PRED_1790259105.csv,1,dung_yen,20.004639148712158,100.0,511,25.544074861900057,11.022784391153406,10.930606653620352,12.81,100.0,0,0.11998549695740365
TN_BAI3_PRED_1790259105.csv,2,dung_yen,20.0035719871521,100.0,514,25.695410816134842,10.914031931239204,10.809416342412451,12.763499999999999,100.0,0,0.1547913705583756
TN_BAI3_PRED_1790259105.csv,3,dung_yen,20.06425404548645,100.0,516,25.71737772210259,10.94720878729177,10.882248062015503,12.682500000000001,100.0,0,0.10099474747474749
TN_BAI3_PRED_1790259105.csv,4,cham,20.07444190979004,100.0,512,25.505067702544917,33.4622710815853,27.3146484375,66.04899999999999,78.125,0,8.762100505050505
TN_BAI3_PRED_1790259105.csv,5,cham,20.070346117019653,100.0,516,25.709571573478346,23.86759078588538,20.646472868217053,44.7925,90.11627906976744,0,7.563174646464646
TN_BAI3_PRED_1790259105.csv,6,cham,20.074234008789062,100.0,515,25.65477715236948,24.460682618740574,20.47347572815534,42.964999999999996,89.51456310679612,0,6.770865757575758
TN_BAI3_PRED_1790259105.csv,7,nhanh,20.033605098724365,100.0,359,17.91989001634355,61.66431280132012,51.92827298050139,110.36399999999998,41.78272980501393,0,8.949718319838055
TN_BAI3_PRED_1790259105.csv,8,nhanh,20.075564861297607,100.0,341,16.985823430422723,51.861507134746766,45.66108504398827,88.85,43.401759530791786,0,6.525088383838384
TN_BAI3_PRED_1790259105.csv,9,nhanh,20.060732126235962,100.0,334,16.649442198731414,63.54503739039035,55.373622754491024,117.56399999999991,35.029940119760475,0,12.798533602421795
