epoch_s,kich_ban,lenh_the,cu_ly_cm,goc_do,mau,ky_vong_ban,ket_qua_ban,dung,tram_ms,host_ms,ly_do,so_lan_thu,status
1790084915.385946,hop_le,T0,40.0,0.0,1,1,1,1,30,171.11,FRIEND,1,1
1790084915.789732,hop_le,T0,40.0,0.0,2,1,1,1,31,160.91,FRIEND,1,1
1790084916.213605,hop_le,T0,40.0,0.0,3,1,1,1,30,167.30,FRIEND,1,1
1790084916.627272,hop_le,T0,40.0,0.0,4,1,1,1,30,162.51,FRIEND,1,1
1790084917.038404,hop_le,T0,40.0,0.0,5,1,1,1,30,161.45,FRIEND,1,1
1790084917.452241,hop_le,T0,40.0,0.0,6,1,1,1,30,162.23,FRIEND,1,1
1790084917.865807,hop_le,T0,40.0,0.0,7,1,1,1,30,162.93,FRIEND,1,1
1790084918.272628,hop_le,T0,40.0,0.0,8,1,1,1,30,166.33,FRIEND,1,1
1790084918.696482,hop_le,T0,40.0,0.0,9,1,1,1,31,161.60,FRIEND,1,1
1790084919.212851,hop_le,T0,40.0,0.0,10,1,1,1,134,266.33,FRIEND,1,1
1790084919.626716,hop_le,T0,40.0,0.0,11,1,1,1,30,162.36,FRIEND,1,1
1790084920.037338,hop_le,T0,40.0,0.0,12,1,1,1,30,161.07,FRIEND,1,1
1790084920.453771,hop_le,T0,40.0,0.0,13,1,1,1,30,166.82,FRIEND,1,1
1790084920.866990,hop_le,T0,40.0,0.0,14,1,1,1,30,163.02,FRIEND,1,1
1790084921.282762,hop_le,T0,40.0,0.0,15,1,1,1,30,162.97,FRIEND,1,1
1790084921.692605,hop_le,T0,40.0,0.0,16,1,1,1,31,161.02,FRIEND,1,1
1790084922.288170,hop_le,T0,40.0,0.0,17,1,1,1,210,342.40,FRIEND,2,1
1790084922.809830,hop_le,T0,40.0,0.0,18,1,1,1,134,271.32,FRIEND,1,1
1790084923.221400,hop_le,T0,40.0,0.0,19,1,1,1,30,160.88,FRIEND,1,1
1790084923.634504,hop_le,T0,40.0,0.0,20,1,1,1,31,162.61,FRIEND,1,1
1790084924.201659,sai_id,T1,40.0,0.0,1,0,0,1,30,182.95,BAD_ID,1,0
1790084924.583394,sai_id,T1,40.0,0.0,2,0,0,1,30,129.63,BAD_ID,1,0
1790084924.962695,sai_id,T1,40.0,0.0,3,0,0,1,30,128.72,BAD_ID,1,0
1790084925.336013,sai_id,T1,40.0,0.0,4,0,0,1,30,126.37,BAD_ID,1,0
1790084925.820025,sai_id,T1,40.0,0.0,5,0,0,1,134,231.09,BAD_ID,1,0
1790084926.200585,sai_id,T1,40.0,0.0,6,0,0,1,30,128.72,BAD_ID,1,0
1790084926.573578,sai_id,T1,40.0,0.0,7,0,0,1,31,132.79,BAD_ID,1,0
1790084926.959770,sai_id,T1,40.0,0.0,8,0,0,1,30,125.72,BAD_ID,1,0
1790084927.336870,sai_id,T1,40.0,0.0,9,0,0,1,30,127.27,BAD_ID,1,0
1790084927.821718,sai_id,T1,40.0,0.0,10,0,0,1,135,232.98,BAD_ID,1,0
1790084928.199974,sai_id,T1,40.0,0.0,11,0,0,1,30,127.09,BAD_ID,1,0
1790084928.577183,sai_id,T1,40.0,0.0,12,0,0,1,30,127.48,BAD_ID,1,0
1790084928.947344,sai_id,T1,40.0,0.0,13,0,0,1,30,129.60,BAD_ID,1,0
1790084929.335503,sai_id,T1,40.0,0.0,14,0,0,1,30,127.71,BAD_ID,1,0
1790084929.816908,sai_id,T1,40.0,0.0,15,0,0,1,134,231.35,BAD_ID,1,0
1790084930.195273,sai_id,T1,40.0,0.0,16,0,0,1,30,126.51,BAD_ID,1,0
1790084930.574909,sai_id,T1,40.0,0.0,17,0,0,1,30,129.27,BAD_ID,1,0
1790084930.961111,sai_id,T1,40.0,0.0,18,0,0,1,30,135.88,BAD_ID,1,0
1790084931.341980,sai_id,T1,40.0,0.0,19,0,0,1,30,130.06,BAD_ID,1,0
1790084931.826525,sai_id,T1,40.0,0.0,20,0,0,1,134,234.79,BAD_ID,1,0
1790084932.343890,sai_mac,T2,40.0,0.0,1,0,0,1,30,128.73,BAD_MAC,1,0
1790084932.826623,sai_mac,T2,40.0,0.0,2,0,0,1,134,232.75,BAD_MAC,1,0
1790084933.211974,sai_mac,T2,40.0,0.0,3,0,0,1,30,134.81,BAD_MAC,1,0
1790084933.592354,sai_mac,T2,40.0,0.0,4,0,0,1,30,129.32,BAD_MAC,1,0
1790084933.969229,sai_mac,T2,40.0,0.0,5,0,0,1,30,128.37,BAD_MAC,1,0
1790084934.351388,sai_mac,T2,40.0,0.0,6,0,0,1,30,129.95,BAD_MAC,1,0
1790084934.732764,sai_mac,T2,40.0,0.0,7,0,0,1,30,130.10,BAD_MAC,1,0
1790084935.214169,sai_mac,T2,40.0,0.0,8,0,0,1,134,236.10,BAD_MAC,1,0
1790084935.599297,sai_mac,T2,40.0,0.0,9,0,0,1,31,129.64,BAD_MAC,1,0
1790084935.978983,sai_mac,T2,40.0,0.0,10,0,0,1,30,129.68,BAD_MAC,1,0
1790084936.359818,sai_mac,T2,40.0,0.0,11,0,0,1,30,128.27,BAD_MAC,1,0
1790084936.740952,sai_mac,T2,40.0,0.0,12,0,0,1,31,130.66,BAD_MAC,1,0
1790084937.228457,sai_mac,T2,40.0,0.0,13,0,0,1,134,237.17,BAD_MAC,1,0
1790084937.602738,sai_mac,T2,40.0,0.0,14,0,0,1,30,129.71,BAD_MAC,1,0
1790084937.986762,sai_mac,T2,40.0,0.0,15,0,0,1,30,128.26,BAD_MAC,1,0
1790084938.365331,sai_mac,T2,40.0,0.0,16,0,0,1,30,128.45,BAD_MAC,1,0
1790084938.745149,sai_mac,T2,40.0,0.0,17,0,0,1,30,130.25,BAD_MAC,1,0
1790084939.131572,sai_mac,T2,40.0,0.0,18,0,0,1,30,134.79,BAD_MAC,1,0
1790084939.617541,sai_mac,T2,40.0,0.0,19,0,0,1,134,232.88,BAD_MAC,1,0
1790084939.996166,sai_mac,T2,40.0,0.0,20,0,0,1,30,127.92,BAD_MAC,1,0
1790084940.619669,phat_lai,T3,40.0,0.0,1,0,0,1,134,224.02,BAD_CNT,1,0
1790084940.997563,phat_lai,T3,40.0,0.0,2,0,0,1,30,127.78,BAD_CNT,1,0
1790084941.382360,phat_lai,T3,40.0,0.0,3,0,0,1,30,132.98,BAD_CNT,1,0
1790084941.757437,phat_lai,T3,40.0,0.0,4,0,0,1,30,129.35,BAD_CNT,1,0
1790084942.148810,phat_lai,T3,40.0,0.0,5,0,0,1,37,136.97,BAD_CNT,1,0
1790084942.529911,phat_lai,T3,40.0,0.0,6,0,0,1,30,128.85,BAD_CNT,1,0
1790084943.012781,phat_lai,T3,40.0,0.0,7,0,0,1,134,233.10,BAD_CNT,1,0
1790084943.397754,phat_lai,T3,40.0,0.0,8,0,0,1,30,133.50,BAD_CNT,1,0
1790084943.778281,phat_lai,T3,40.0,0.0,9,0,0,1,30,130.24,BAD_CNT,1,0
1790084944.476786,phat_lai,T3,40.0,0.0,10,0,0,1,350,446.99,BAD_CNT,2,0
1790084944.857002,phat_lai,T3,40.0,0.0,11,0,0,1,30,129.95,BAD_CNT,1,0
1790084945.242496,phat_lai,T3,40.0,0.0,12,0,0,1,30,134.72,BAD_CNT,1,0
1790084945.623804,phat_lai,T3,40.0,0.0,13,0,0,1,30,129.07,BAD_CNT,1,0
1790084946.003853,phat_lai,T3,40.0,0.0,14,0,0,1,30,128.98,BAD_CNT,1,0
1790084946.380651,phat_lai,T3,40.0,0.0,15,0,0,1,30,127.75,BAD_CNT,1,0
1790084946.762373,phat_lai,T3,40.0,0.0,16,0,0,1,30,131.25,BAD_CNT,1,0
1790084947.141451,phat_lai,T3,40.0,0.0,17,0,0,1,30,127.57,BAD_CNT,1,0
1790084947.629325,phat_lai,T3,40.0,0.0,18,0,0,1,134,236.90,BAD_CNT,1,0
1790084948.010247,phat_lai,T3,40.0,0.0,19,0,0,1,30,129.25,BAD_CNT,1,0
1790084948.391184,phat_lai,T3,40.0,0.0,20,0,0,1,30,130.12,BAD_CNT,1,0
1790084949.507961,khong_phan_hoi,T4,40.0,0.0,1,0,0,1,635,717.89,NO_RESP,3,0
1790084950.504467,khong_phan_hoi,T4,40.0,0.0,2,0,0,1,635,740.63,NO_RESP,3,0
1790084951.384231,khong_phan_hoi,T4,40.0,0.0,3,0,0,1,531,628.84,NO_RESP,3,0
1790084952.374876,khong_phan_hoi,T4,40.0,0.0,4,0,0,1,635,741.38,NO_RESP,3,0
1790084953.360544,khong_phan_hoi,T4,40.0,0.0,5,0,0,1,635,733.71,NO_RESP,3,0
1790084954.337461,khong_phan_hoi,T4,40.0,0.0,6,0,0,1,635,738.30,NO_RESP,3,0
1790084955.334160,khong_phan_hoi,T4,40.0,0.0,7,0,0,1,635,733.49,NO_RESP,3,0
1790084956.319578,khong_phan_hoi,T4,40.0,0.0,8,0,0,1,635,735.89,NO_RESP,3,0
1790084957.309407,khong_phan_hoi,T4,40.0,0.0,9,0,0,1,635,739.52,NO_RESP,3,0
1790084958.189875,khong_phan_hoi,T4,40.0,0.0,10,0,0,1,531,628.78,NO_RESP,3,0
1790084959.075532,khong_phan_hoi,T4,40.0,0.0,11,0,0,1,531,634.90,NO_RESP,3,0
1790084959.956876,khong_phan_hoi,T4,40.0,0.0,12,0,0,1,532,631.15,NO_RESP,3,0
1790084960.941585,khong_phan_hoi,T4,40.0,0.0,13,0,0,1,635,733.88,NO_RESP,3,0
1790084961.918458,khong_phan_hoi,T4,40.0,0.0,14,0,0,1,622,727.37,NO_RESP,3,0
1790084962.803717,khong_phan_hoi,T4,40.0,0.0,15,0,0,1,535,634.05,NO_RESP,3,0
1790084963.688975,khong_phan_hoi,T4,40.0,0.0,16,0,0,1,531,632.71,NO_RESP,3,0
1790084964.570764,khong_phan_hoi,T4,40.0,0.0,17,0,0,1,531,631.40,NO_RESP,3,0
1790084965.554134,khong_phan_hoi,T4,40.0,0.0,18,0,0,1,636,732.95,NO_RESP,3,0
1790084966.538881,khong_phan_hoi,T4,40.0,0.0,19,0,0,1,635,740.08,NO_RESP,3,0
1790084967.530803,khong_phan_hoi,T4,40.0,0.0,20,0,0,1,635,735.01,NO_RESP,3,0
