tham_so,muc,ban_ghi,loai,pt_co_vet_dong,so_id
fg_margin_mm,20,trong_10p,bao_gia,0.0,0
fg_margin_mm,35,trong_10p,bao_gia,0.0,0
fg_margin_mm,50,trong_10p,bao_gia,0.0,0
fg_margin_mm,80,trong_10p,bao_gia,0.0,0
fg_margin_mm,120,trong_10p,bao_gia,0.0,0
fg_margin_mm,20,dung_dua,bao_gia,0.0,0
fg_margin_mm,35,dung_dua,bao_gia,0.0,0
fg_margin_mm,50,dung_dua,bao_gia,0.0,0
fg_margin_mm,80,dung_dua,bao_gia,0.0,0
fg_margin_mm,120,dung_dua,bao_gia,0.0,0
fg_margin_mm,20,che_dung,vat_that,82.1,2
fg_margin_mm,35,che_dung,vat_that,82.1,2
fg_margin_mm,50,che_dung,vat_that,82.1,2
fg_margin_mm,80,che_dung,vat_that,82.1,2
fg_margin_mm,120,che_dung,vat_that,82.1,2
fg_margin_mm,20,cham,vat_that,87.0,1
fg_margin_mm,35,cham,vat_that,87.0,1
fg_margin_mm,50,cham,vat_that,87.0,1
fg_margin_mm,80,cham,vat_that,87.0,1
fg_margin_mm,120,cham,vat_that,87.0,1
fg_sigma_k,2,trong_10p,bao_gia,0.0,0
fg_sigma_k,3,trong_10p,bao_gia,0.0,0
fg_sigma_k,5,trong_10p,bao_gia,0.0,0
fg_sigma_k,8,trong_10p,bao_gia,0.0,0
fg_sigma_k,12,trong_10p,bao_gia,0.0,0
fg_sigma_k,2,dung_dua,bao_gia,0.0,0
fg_sigma_k,3,dung_dua,bao_gia,0.0,0
fg_sigma_k,5,dung_dua,bao_gia,0.0,0
fg_sigma_k,8,dung_dua,bao_gia,0.0,0
fg_sigma_k,12,dung_dua,bao_gia,0.0,0
bg_percentile,75,dung_dua,bao_gia,0.0,0
bg_percentile,85,dung_dua,bao_gia,0.0,0
bg_percentile,95,dung_dua,bao_gia,0.0,0
bg_percentile,75,che_dung,vat_that,82.1,2
bg_percentile,85,che_dung,vat_that,82.1,2
bg_percentile,95,che_dung,vat_that,82.1,2
bg_percentile,75,cham,vat_that,0.0,0
bg_percentile,85,cham,vat_that,87.0,1
bg_percentile,95,cham,vat_that,87.0,1
